label,precision,recall,f1-score,support
negatif,0.559748427672956,0.7478991596638656,0.6402877697841727,119.0
netral,0.6218487394957983,0.6115702479338843,0.6166666666666667,121.0
positif,0.6941176470588235,0.4796747967479675,0.5673076923076923,123.0
accuracy,0.6115702479338843,0.6115702479338843,0.6115702479338843,0.6115702479338843
macro avg,0.6252382714091926,0.6130480681152392,0.6080873762528439,363.0
weighted avg,0.6259785976868006,0.6115702479338843,0.6076852821620644,363.0
